air_temperature,process_temperature,rotational_speed,torque,tool_wear,target
300.11,310.95,1476.8,47.82,210.9,1
297.13,306.64,1454.2,47.42,192.4,0
303.27,313.13,1648.3,53.42,178.1,1
296.71,306.01,1540.6,26.61,28.4,0
298.8,310.17,1479.6,50.58,232.2,1
300.37,309.42,1482.4,40.53,125.7,0
303.08,313.6,1606.9,29.41,78.3,0
302.75,312.03,1521.4,34.91,107.3,0
302.5,314.28,1618.7,45.64,32.7,0
303.1,315.01,1463.0,49.28,229.7,1
298.8,307.84,1566.2,25.62,166.3,0
299.96,310.19,1370.7,24.67,32.3,0
297.31,307.81,1576.3,53.89,222.0,1
298.04,306.84,1479.0,19.35,108.4,1
301.91,311.85,1132.9,32.24,98.7,0
301.01,310.29,1585.5,33.81,62.2,0
299.08,307.76,1701.4,54.31,91.3,1
302.32,312.82,1495.0,27.49,31.3,0
300.56,310.36,1768.7,27.74,136.7,0
298.02,308.86,1902.1,46.87,144.0,1
297.79,309.18,1534.8,28.29,121.4,0
301.49,310.36,1353.4,36.42,94.7,0
297.61,307.5,1589.0,63.88,78.8,1
302.99,314.27,1403.8,42.03,3.8,0
298.29,308.22,1365.2,42.69,155.3,0
299.36,307.39,1551.5,32.21,187.4,0
300.96,310.92,1625.3,54.7,185.4,1
300.23,310.85,1920.1,50.48,173.6,1
302.82,313.66,1508.6,58.34,128.3,1
299.52,310.72,1576.4,26.68,233.4,1
301.08,311.51,1564.8,34.97,101.8,0
299.42,309.57,1486.1,24.55,144.6,0
300.05,309.55,1663.8,19.32,72.5,1
300.72,310.33,1470.8,31.75,210.8,1
300.15,310.2,1413.4,40.12,110.9,0
300.13,310.36,1712.0,36.42,232.6,0
301.19,311.67,1427.2,34.72,200.1,0
299.78,307.87,1294.8,29.87,133.3,1
296.48,307.14,1606.5,44.61,119.0,0
296.52,305.99,1323.4,41.17,185.1,0
300.92,309.34,1426.1,52.83,238.0,1
299.99,310.04,1316.9,41.0,178.2,0
301.32,310.65,1296.1,41.86,109.8,0
298.29,307.93,1456.5,36.95,62.0,0
299.59,312.46,1403.2,35.56,185.1,0
299.93,308.97,1341.6,37.24,114.6,0
297.55,308.32,1535.9,33.71,118.0,0
303.15,313.91,1563.3,51.63,196.6,0
299.23,308.36,1567.0,50.2,73.8,0
296.99,305.95,1611.2,41.08,24.1,0
296.77,308.58,1527.1,20.91,93.5,1
301.91,313.95,1485.0,63.18,219.5,1
298.82,308.91,1300.6,45.06,157.2,0
303.45,313.09,1551.2,34.41,16.0,0
300.37,309.83,1871.2,40.02,216.7,0
300.75,310.26,1747.6,57.41,47.8,1
300.55,309.72,1509.9,43.37,173.8,0
304.38,313.97,1585.2,49.07,181.3,0
304.33,313.5,1678.2,44.0,166.4,0
296.08,305.57,1502.6,23.05,104.7,0
300.12,308.9,1600.6,53.64,140.2,0
301.46,311.36,1315.3,25.39,27.1,1
300.21,308.85,1512.8,30.76,21.7,0
300.5,310.33,1528.3,58.92,128.0,1
294.82,304.65,1681.2,48.64,134.0,0
299.63,309.49,1582.7,47.22,42.2,0
300.47,311.94,1349.7,33.92,69.9,0
298.99,308.46,1702.0,38.35,60.0,0
301.26,309.76,1411.2,34.14,84.4,0
301.02,310.48,1349.3,37.52,207.9,0
297.6,308.08,1643.9,41.24,116.1,0
297.44,307.9,1617.3,36.07,19.8,0
301.47,310.6,1519.6,46.75,45.8,0
297.45,306.52,1580.3,33.93,189.9,0
302.01,310.77,1503.0,34.83,46.1,0
299.53,309.46,1460.9,28.03,92.4,0
301.44,311.34,1552.6,38.16,117.9,0
302.16,311.21,1522.4,48.44,155.3,0
299.96,311.95,1328.8,20.53,65.3,1
299.94,310.28,1808.3,46.1,40.2,0
302.68,313.98,1553.1,51.28,58.5,0
302.09,312.55,1614.1,38.11,118.7,0
300.74,309.8,1707.6,28.26,111.1,0
298.79,309.29,1635.4,45.72,173.8,0
296.68,305.75,1689.2,44.6,52.7,0
297.99,308.15,1758.6,47.6,32.5,0
299.03,309.82,1605.0,43.06,199.4,0
304.15,313.89,1257.6,36.82,228.0,0
301.43,311.74,1644.5,41.43,124.0,0
302.21,310.78,1551.9,43.33,70.5,0
302.35,312.55,1541.1,39.73,80.1,0
302.44,310.89,1497.2,47.24,52.8,0
298.95,309.34,1379.1,51.91,209.4,0
298.37,308.65,1634.6,25.25,190.0,0
299.27,309.7,1686.2,28.66,213.1,0
302.21,310.11,1531.9,44.61,136.4,0
302.76,313.27,1367.7,32.92,195.7,0
298.67,309.5,1457.0,54.9,35.5,0
299.11,310.02,1302.5,53.49,139.5,0
298.15,307.15,1255.0,43.86,176.0,0
298.91,308.01,1492.7,33.7,205.1,1
299.76,310.74,1508.7,17.54,78.7,1
298.82,307.92,1297.9,39.43,238.7,1
302.18,311.0,1440.1,32.09,87.1,0
298.89,309.72,1945.8,32.45,150.6,0
300.32,311.03,1369.4,34.0,147.8,0
301.42,312.18,1307.0,22.45,208.7,1
300.35,310.54,1156.1,12.87,40.8,1
299.73,310.16,1414.2,32.73,77.0,0
297.3,306.24,1542.2,43.33,26.5,0
299.92,310.15,1407.9,24.78,143.0,0
300.07,310.81,1833.9,27.31,51.1,0
301.66,310.86,1464.5,31.2,43.4,0
300.95,310.63,1461.6,30.82,88.0,0
300.39,308.62,1427.8,48.17,178.3,0
299.73,309.78,1478.3,27.64,50.6,0
294.16,304.76,1497.4,46.08,51.2,0
298.71,308.16,1424.5,62.89,148.7,1
296.4,306.06,1598.1,41.26,72.0,0
302.1,313.76,1668.7,46.87,67.3,0
299.93,310.69,1425.1,56.77,149.4,0
298.75,308.21,1118.0,28.8,161.8,1
300.27,310.07,1632.0,44.32,211.0,1
299.7,310.48,1464.8,29.6,79.3,0
300.09,309.24,1469.4,39.43,102.8,0
300.2,310.91,1420.4,31.84,76.0,0
298.64,308.57,1525.0,39.48,51.3,0
302.89,314.41,1693.1,33.32,81.4,0
299.22,308.92,1268.5,50.31,232.4,1
302.66,311.98,1453.8,50.52,44.2,0
300.22,310.6,1769.1,39.22,224.7,1
297.31,305.61,1677.0,44.42,95.7,0
302.96,312.42,1515.3,35.01,199.6,0
297.6,309.22,1542.0,33.95,218.9,0
303.12,313.2,1296.0,43.14,205.4,1
299.95,309.88,1301.4,41.42,107.7,0
300.12,309.71,1250.7,47.15,53.0,0
300.98,309.89,1623.0,44.37,52.4,0
301.83,311.32,1675.5,36.9,173.2,0
299.8,309.27,1382.4,43.42,68.5,0
300.17,309.78,1784.5,41.7,25.4,0
301.36,311.68,1340.7,43.17,13.6,0
300.95,311.54,1741.5,40.35,21.7,0
297.97,309.03,1642.7,33.57,168.7,0
300.47,309.94,1518.9,47.45,78.6,0
298.85,308.9,1660.6,29.77,69.9,0
300.39,310.48,1193.4,34.89,200.9,0
302.82,312.64,1448.5,40.89,137.6,0
299.7,309.6,1703.4,40.34,236.6,0
300.43,312.45,1743.5,33.26,21.8,0
298.07,308.64,1594.1,31.86,208.3,0
302.48,312.54,1688.8,25.66,117.4,0
295.76,306.13,1539.2,33.27,91.5,0
298.06,309.42,1378.2,30.71,85.5,0
299.06,309.72,1459.9,51.4,210.2,1
300.68,311.05,1571.5,37.12,166.3,0
300.16,309.92,1249.4,53.7,155.3,0
304.99,312.5,1611.1,33.58,153.7,0
300.67,309.78,1532.2,31.94,214.8,0
299.14,309.05,1458.2,31.24,75.8,0
300.01,309.46,1397.3,36.34,180.8,0
302.25,313.91,1426.4,48.1,213.1,0
299.84,308.89,1590.3,30.02,115.3,0
298.49,307.49,1625.9,53.75,231.5,1
299.39,309.54,1507.5,40.02,153.0,0
302.38,313.61,1448.2,30.9,141.3,0
298.33,307.59,1455.8,28.85,184.0,0
300.48,311.7,1618.8,21.14,231.0,0
300.65,311.73,1619.6,49.97,140.9,0
299.41,310.15,1595.7,40.14,195.8,0
298.72,310.64,1607.6,43.25,164.2,0
299.71,310.96,1604.5,39.49,240.4,0
298.51,308.87,1350.8,60.78,208.8,1
299.52,310.55,1937.6,47.5,236.5,1
299.25,307.71,1386.0,30.75,226.6,1
299.06,309.0,1362.2,44.68,138.3,0
298.95,308.9,1569.7,38.73,105.9,0
300.52,310.3,1295.0,45.91,26.7,0
298.69,308.28,1587.8,53.66,173.5,0
300.65,310.09,1562.7,49.57,5.0,0
299.48,310.88,1286.6,53.3,58.4,0
300.16,308.96,1749.6,41.22,200.3,1
299.5,309.27,1738.9,53.03,22.3,1
297.66,306.67,1235.6,31.63,122.8,0
298.99,309.58,1652.7,35.16,12.7,0
302.9,313.06,1363.3,51.19,80.1,0
302.22,311.38,1441.4,49.95,164.3,0
302.46,312.82,1407.2,47.19,193.0,0
298.4,309.52,1679.8,43.5,78.0,0
298.86,309.19,1667.3,39.95,168.6,0
301.17,311.71,1548.9,44.1,111.2,0
300.99,312.52,1410.6,53.46,101.7,0
296.97,307.13,1829.0,41.92,210.6,1
301.23,311.1,1622.3,44.66,62.6,0
301.88,312.06,1619.1,30.51,152.5,0
298.45,307.85,1482.8,31.9,214.9,1
302.1,313.19,1306.8,38.53,115.5,0
301.12,310.88,1738.4,59.84,36.1,1
301.81,310.33,1599.2,38.98,116.4,0
301.0,311.09,1471.2,56.92,105.9,0
298.09,307.75,1871.6,29.02,31.2,0
300.59,309.33,1696.4,47.25,118.6,0
300.23,308.5,1872.9,41.13,45.9,0
297.07,307.24,1428.1,30.68,239.4,0
300.65,311.88,1545.7,55.42,193.5,0
301.84,310.73,1505.9,47.3,56.8,0
298.18,308.97,1516.0,41.48,166.6,0
301.09,311.43,1751.4,39.59,25.8,0
302.56,313.16,1437.2,31.89,96.6,0
296.85,306.51,1534.5,39.07,163.5,0
299.9,310.19,1514.4,33.28,155.4,0
299.04,308.59,1569.4,28.22,208.8,1
296.77,306.59,1726.6,58.8,212.6,1
301.06,310.16,1346.3,38.82,19.9,0
297.5,308.7,1617.0,41.4,37.5,0
303.76,313.85,1396.0,43.65,172.7,0
301.63,312.28,1380.5,36.53,111.7,0
302.56,312.89,1478.3,35.34,174.5,0
302.93,312.99,1885.2,42.49,135.6,0
299.09,308.01,1506.4,53.49,66.4,0
299.84,311.12,1482.7,22.84,125.0,0
299.55,308.58,1658.5,41.76,154.3,0
300.36,310.5,1401.9,40.91,219.2,1
297.88,308.55,1709.3,58.69,239.9,1
301.48,312.59,1672.8,37.51,139.7,0
298.19,310.37,1423.3,37.3,33.6,0
298.2,309.26,1711.1,12.0,203.8,1
298.71,309.64,1706.6,35.03,154.2,0
300.19,310.63,1534.8,52.33,123.7,0
301.9,310.93,1485.3,35.49,40.6,0
299.62,309.34,1710.3,51.82,185.0,1
298.82,308.63,1655.1,48.57,165.9,0
302.32,311.22,1442.7,34.83,103.9,0
299.25,306.65,1610.1,42.96,67.1,0
296.44,307.34,1647.8,32.13,110.5,0
301.22,310.92,1569.2,48.54,217.7,0
303.26,311.49,1584.5,40.73,66.0,0
299.19,309.46,1651.1,35.82,75.0,0
305.18,314.75,1688.2,29.41,157.2,0
300.79,311.12,1452.0,46.85,178.2,0
299.65,309.87,1675.3,35.43,54.9,0
301.19,311.52,1507.5,45.21,124.1,0
299.58,311.32,1619.4,37.59,37.4,0
300.86,310.09,1475.0,45.81,113.6,0
299.92,308.1,1490.9,39.42,71.6,0
304.46,314.68,1524.1,45.65,80.8,0
301.21,312.26,1517.4,28.37,209.6,1
301.91,312.15,1792.5,42.38,80.2,0
300.52,310.19,1505.9,45.34,241.1,1
295.4,307.76,1743.4,36.85,184.2,0
301.19,310.83,1793.9,38.2,98.2,0
297.82,306.64,1520.6,39.41,215.1,0
297.18,306.18,1669.6,49.36,172.9,0
296.5,306.29,1251.0,33.57,189.6,0
299.27,308.68,1653.7,57.45,199.4,1
297.44,308.44,1632.0,35.71,244.1,1
302.11,310.81,1382.8,58.67,172.7,0
300.3,311.19,1727.5,39.19,32.9,0
299.92,310.29,1551.0,20.37,68.7,1
301.39,311.72,1369.8,42.05,86.3,0
300.84,310.81,1673.0,38.15,22.0,0
302.53,313.62,2006.4,31.08,67.5,0
299.78,308.26,1582.3,34.87,181.1,0
299.51,309.73,1555.2,54.68,171.9,0
301.09,312.02,1639.3,31.63,95.9,0
300.48,309.71,1380.4,42.0,68.7,0
300.87,313.18,1417.4,32.45,75.2,0
301.3,310.01,1799.9,57.3,192.5,1
297.16,307.84,1293.0,36.24,124.8,0
301.33,311.47,1441.7,57.65,26.7,0
298.75,307.97,1649.6,37.1,49.8,0
301.42,311.19,1734.8,35.4,67.1,0
299.38,309.94,1550.6,47.7,129.9,0
297.92,308.28,1570.3,36.12,189.5,0
299.02,308.41,1401.6,32.71,222.2,0
294.12,303.02,1538.1,46.45,177.1,0
298.05,308.09,1841.8,31.22,238.5,1
301.69,309.56,1601.7,43.33,185.6,0
298.91,305.89,1429.4,36.82,224.3,1
300.88,311.76,1464.4,48.79,73.6,0
305.29,315.35,1805.8,38.1,99.1,0
299.38,308.29,1595.7,68.65,217.1,1
298.56,310.23,1510.0,27.09,67.1,0
300.89,308.28,1523.3,29.97,123.1,0
298.61,307.44,1365.4,36.22,1.1,0
302.64,310.55,1530.9,18.64,116.8,1
302.01,311.87,1585.6,50.97,41.0,0
298.9,308.57,1472.2,37.36,227.6,1
298.8,311.08,1627.0,39.18,217.2,0
300.69,311.39,1584.3,19.19,94.0,1
299.96,310.32,1609.5,40.8,243.9,1
300.51,310.9,1383.4,32.53,47.3,0
300.06,309.7,1209.9,37.18,6.3,0
299.04,308.21,1642.4,46.95,227.6,1
296.45,306.97,1559.9,25.84,66.9,0
300.45,310.62,1637.0,35.16,100.3,0
300.7,311.77,1533.9,48.92,3.0,0
299.56,310.0,1414.6,42.02,24.6,0
300.48,310.3,1596.7,31.9,27.2,0
303.03,312.23,1618.7,57.83,232.8,1
297.19,308.1,1373.9,27.3,43.4,0
299.4,309.25,1409.8,22.62,177.9,1
300.34,312.3,1525.1,35.01,21.0,0
301.03,309.88,1678.2,41.82,39.0,0
300.34,310.34,1699.6,55.2,55.1,1
299.53,307.64,1319.3,37.86,153.1,1
298.34,307.62,1677.3,41.51,227.0,0
297.95,308.69,1586.8,33.69,21.8,0
302.16,311.81,1489.1,35.79,52.6,0
299.01,309.99,1469.2,54.67,20.3,0
300.37,309.04,1864.7,40.65,133.3,0
296.34,305.89,1321.0,32.75,122.3,0
301.22,310.18,1381.4,37.34,6.2,0
297.85,307.51,1641.1,27.43,141.8,0
300.8,311.25,1655.0,45.01,231.2,1
301.37,311.31,1402.9,55.01,106.3,0
298.78,306.95,1610.3,50.4,214.1,0
300.6,310.03,1541.7,43.14,185.3,0
298.75,311.9,1856.6,39.27,145.8,0
298.77,309.18,1525.9,39.88,12.8,0
300.6,310.09,1478.4,29.69,2.9,0
301.15,309.78,1521.9,24.21,111.7,0
296.26,307.12,1770.3,42.18,162.2,0
302.63,312.61,1674.5,27.02,29.8,0
297.79,308.18,1385.9,36.35,74.8,0
297.94,308.77,1450.8,54.65,144.4,0
302.18,311.97,1744.5,22.82,29.3,0
300.42,310.81,1620.7,48.63,186.8,0
303.15,313.59,1921.1,52.24,135.9,1
299.76,308.44,1372.2,26.67,217.9,0
298.93,308.12,1481.4,18.8,151.1,1
304.58,315.04,1206.1,39.43,48.4,0
296.89,307.66,1544.6,48.01,105.9,0
300.09,311.09,1840.1,48.91,227.0,1
298.6,308.54,1764.3,32.83,199.2,0
298.69,307.36,1889.4,46.42,239.0,1
297.5,306.19,1741.6,51.27,218.0,1
298.23,309.38,1460.8,59.19,224.9,1
301.87,311.97,1675.8,33.47,49.4,0
300.45,309.91,1453.9,37.54,111.0,0
300.77,312.52,1320.9,21.0,100.4,1
299.56,310.45,1353.0,48.09,50.9,0
300.04,310.38,1556.1,49.94,174.9,0
298.78,308.7,1599.1,36.94,58.6,0
299.97,308.82,1530.6,32.4,75.5,0
301.7,310.89,1504.6,44.36,115.6,0
301.39,310.84,1526.8,25.12,152.8,0
293.52,304.75,1659.5,38.42,38.9,0
299.26,308.86,1470.2,46.87,230.6,1
301.03,308.94,1446.9,31.59,226.2,0
302.95,313.38,1717.5,27.28,69.4,0
300.83,311.52,1389.4,71.18,91.1,1
299.71,310.26,1409.6,42.99,23.8,0
298.58,307.37,1472.3,32.04,58.7,0
301.23,309.44,1441.4,40.13,229.9,0
303.69,313.19,1462.1,31.85,138.8,0
299.27,308.35,1100.0,48.18,182.6,0
297.41,308.99,1451.4,47.88,175.2,0
298.85,308.64,1600.0,33.37,212.8,0
299.86,308.04,1246.7,35.23,195.0,1
300.26,310.18,1686.7,44.94,37.7,0
298.64,308.98,1418.8,25.91,190.7,0
304.29,315.01,1346.2,22.61,144.5,1
295.15,304.31,1556.5,50.02,129.6,0
302.91,313.09,1587.1,27.9,54.8,0
300.59,311.26,1633.3,28.57,189.4,0
296.24,305.53,1346.6,35.52,0.9,0
300.61,308.7,1494.2,40.23,165.2,0
301.06,310.84,1246.6,22.49,60.6,1
302.15,312.07,1347.5,39.9,62.2,0
295.0,304.39,1581.7,42.72,106.0,0
296.0,306.59,1358.5,39.36,214.7,0
298.91,309.41,1603.5,54.34,153.3,1
297.41,307.81,1100.0,39.59,49.6,0
298.97,308.19,1614.9,17.47,196.7,1
299.28,308.26,1524.8,44.73,56.1,0
301.09,311.79,1501.6,41.67,123.1,0
301.01,312.99,1443.6,53.33,62.3,0
300.86,311.17,1909.9,18.95,103.8,0
299.91,308.64,1349.4,52.06,34.7,0
298.41,309.9,1584.2,29.96,171.5,0
297.54,306.07,1538.7,49.56,105.5,0
303.05,311.79,1675.1,29.74,89.2,0
300.76,309.56,1267.5,40.58,79.6,0
300.57,312.46,1874.8,56.37,64.2,1
298.54,307.95,1575.3,35.45,62.1,0
299.72,310.54,1476.4,43.06,212.0,0
300.42,311.93,1202.1,45.88,190.0,0
297.43,309.07,1289.1,51.8,10.8,0
307.71,317.7,1357.8,33.4,119.5,0
298.75,309.2,1366.2,16.33,88.5,1
296.89,307.14,1630.4,37.51,31.6,0
299.15,309.46,1672.0,32.38,49.6,0
297.56,310.32,1691.1,40.69,15.9,0
302.19,311.71,1606.1,44.4,146.4,0
303.54,315.0,1805.2,39.6,58.0,0
304.12,315.17,1757.2,28.63,28.9,0
298.23,308.66,1713.6,25.69,61.3,0
301.47,312.43,1543.0,43.63,36.4,0
297.63,308.2,1253.0,33.71,154.4,0
302.27,312.88,1451.9,41.26,168.9,0
299.16,308.26,1413.4,42.31,52.4,0
303.35,311.9,1490.1,26.79,70.4,0
299.74,308.64,1484.2,38.94,128.4,0
298.19,307.06,1449.8,31.98,24.3,0
300.1,310.52,1810.7,51.91,153.8,1
299.96,310.67,1702.7,44.5,76.6,0
301.58,313.99,1440.8,38.86,167.0,0
302.89,314.63,1643.5,31.63,54.7,0
299.55,310.44,1572.2,61.22,28.1,1
301.71,311.29,1357.5,40.39,16.6,0
295.85,306.44,1277.0,33.34,185.6,0
303.47,312.05,1618.9,43.35,68.1,0
301.29,309.76,1393.9,34.49,11.4,0
298.95,308.62,1773.4,47.15,233.9,1
304.81,314.61,1805.7,57.53,6.1,1
301.91,312.94,1361.5,46.42,94.9,0
296.86,306.57,1663.2,48.22,18.8,0
300.85,311.22,1376.7,36.38,133.7,0
298.68,308.27,1770.5,32.44,199.4,0
299.89,308.28,1618.0,45.28,201.8,1
301.49,311.11,1382.1,49.59,209.0,0
300.83,309.81,1665.0,33.88,177.4,0
300.39,310.83,1517.1,39.37,243.0,0
300.1,310.7,1660.2,39.59,60.1,0
301.4,311.95,1655.3,47.07,5.0,0
300.09,310.84,1686.5,42.88,174.7,0
300.04,309.63,1312.9,37.46,166.3,0
298.75,310.18,1634.9,36.85,205.2,0
296.95,307.21,1457.8,26.78,22.3,0
301.02,309.05,1480.2,57.23,66.7,0
297.28,306.86,1458.6,28.36,9.9,0
300.99,309.78,1313.3,30.51,220.9,1
300.5,309.87,1728.9,41.04,96.7,0
299.63,308.81,1507.9,38.71,79.0,0
301.28,310.04,2036.1,34.73,220.5,1
300.57,309.15,1669.3,37.3,152.5,0
297.61,308.2,1805.4,47.73,198.1,1
303.46,311.59,1902.3,51.37,80.6,1
297.95,306.88,1491.3,43.08,47.9,0
296.95,306.02,1424.2,42.51,84.0,0
299.38,310.26,1609.8,50.26,186.9,0
304.64,315.81,1302.7,29.45,226.8,1
299.49,310.34,1435.3,27.46,71.4,0
299.2,310.73,1873.7,57.87,105.8,1
297.49,308.8,1452.7,40.3,28.8,0
299.34,308.21,1573.4,31.29,116.1,0
302.1,313.18,1420.5,53.47,211.3,1
301.36,308.62,1639.2,41.8,112.8,0
299.07,309.96,1554.5,38.25,36.5,0
303.7,312.73,1311.4,35.75,34.3,0
299.61,309.92,1674.2,50.3,185.9,0
299.3,309.06,1540.3,52.89,28.5,0
298.94,308.4,1614.7,30.06,166.2,0
303.54,314.0,1497.6,42.82,101.6,0
298.7,307.18,1201.2,39.65,231.0,1
302.52,311.69,1542.1,49.78,59.9,0
303.06,311.76,1446.7,39.8,30.0,0
297.56,307.89,1372.1,40.16,170.9,0
299.48,311.18,1813.5,54.38,3.6,1
300.03,308.97,1458.0,52.74,237.6,1
299.23,310.15,1489.5,46.96,150.5,0
298.46,307.73,1288.6,40.15,200.3,1
303.73,313.36,1622.2,38.41,214.2,0
300.7,312.04,1459.8,37.77,184.6,0
301.08,311.89,1806.4,43.81,235.1,1
299.64,310.33,1456.2,55.05,97.8,0
298.32,308.74,1523.4,50.29,105.8,0
299.58,308.56,1656.3,59.72,153.8,1
298.19,307.81,1450.3,40.78,142.4,0
301.91,312.79,1665.7,35.23,26.2,0
300.36,310.14,1636.0,48.51,42.3,0
301.68,312.02,1391.1,30.22,113.8,0
301.83,312.47,1550.1,53.14,113.7,0
295.69,305.32,1401.6,47.41,77.9,0
301.36,312.37,1539.4,33.68,148.5,0
300.2,309.08,1430.4,31.79,174.7,0
298.4,308.4,1693.3,31.51,241.3,0
301.36,312.2,1357.6,63.25,61.7,0
299.95,309.56,1483.3,31.94,160.9,0
300.14,310.46,1541.3,33.69,41.6,0
299.84,310.24,1552.9,36.08,52.8,0
301.31,311.66,1647.7,33.45,65.5,0
301.31,311.96,1548.9,46.82,104.5,0
300.39,309.63,1404.2,44.44,225.3,0
298.64,308.42,1628.7,50.74,166.3,0
301.56,313.05,1117.1,37.8,26.5,0
301.27,311.46,1515.4,48.99,138.2,0
299.38,309.7,1520.9,41.06,1.0,0
301.45,312.0,1410.5,42.21,66.0,0
299.54,309.55,1279.3,51.06,175.5,0
297.24,308.07,1494.4,37.19,221.0,0
296.59,306.16,1483.5,45.05,31.2,0
296.04,307.9,1738.4,53.11,233.3,1
298.77,307.41,1456.0,39.63,149.4,0
296.61,305.15,1329.7,51.87,147.5,1
297.61,308.91,1636.0,43.6,235.2,1
298.02,309.42,1431.2,43.74,144.0,0
298.49,305.95,1539.0,56.66,103.9,1
300.65,310.35,1667.4,61.43,230.3,1
300.09,309.82,1593.8,45.04,188.0,0
301.22,311.04,1708.0,29.12,146.8,0
299.66,310.18,1379.2,38.59,53.1,0
298.36,309.5,1244.2,24.67,244.5,1
300.88,309.0,1469.4,42.98,138.6,0
301.34,311.1,1560.3,35.5,39.8,0
303.19,313.6,1595.0,33.45,194.8,0
299.14,309.57,1456.4,40.65,41.6,0
300.19,310.54,1314.7,16.5,76.2,1
300.85,309.42,1447.5,36.73,232.0,1
300.23,310.57,1226.1,54.76,210.3,1
300.65,311.47,1419.9,53.77,154.4,0
304.93,313.92,1293.1,31.27,98.7,0
301.42,311.24,1627.0,37.0,194.1,0
303.09,315.15,1540.1,35.97,204.1,1
301.94,311.79,1390.6,33.49,189.8,0
303.68,311.36,1529.6,41.66,154.3,0
302.95,313.57,1545.6,29.62,2.2,0
298.65,307.0,1584.6,34.09,27.1,0
301.9,313.34,1637.7,47.23,196.5,0
297.07,307.0,1372.9,47.38,142.3,0
300.98,310.05,1669.2,39.96,185.9,0
300.25,309.65,1472.8,23.19,2.0,0
297.14,307.41,1770.4,48.26,160.7,0
298.62,308.53,1649.7,30.6,206.4,0
303.5,313.95,1548.0,51.55,211.4,0
302.23,313.98,1315.7,22.46,77.1,1
301.24,310.26,1603.5,24.27,152.7,0
305.15,314.49,1650.6,34.55,42.5,0
300.54,310.74,1221.8,30.88,201.3,0
300.25,309.47,1334.6,31.02,1.4,0
296.74,307.17,1315.9,36.61,0.8,0
300.47,310.7,1669.1,20.83,242.5,0
302.25,312.75,1802.5,30.12,115.9,0
300.27,310.2,1561.9,36.55,30.9,0
300.52,310.33,1437.0,45.45,77.7,0
300.93,309.66,1381.2,32.65,50.5,0
299.18,308.78,1446.7,47.07,144.4,0
296.79,308.78,1402.8,31.14,150.6,0
299.93,311.32,1573.7,38.72,242.7,0
297.42,306.39,1215.2,36.03,194.6,0
297.76,308.08,1505.2,30.61,224.3,0
299.74,308.75,1366.3,28.79,178.6,0
298.49,307.46,1626.6,43.39,108.8,0
301.47,311.76,1528.4,46.31,198.7,0
300.04,311.05,1571.7,31.92,9.5,0
299.11,309.06,1528.0,47.49,218.4,1
301.58,311.2,1682.1,46.19,88.3,0
302.76,313.96,1508.1,28.47,156.8,0
300.23,308.85,1486.7,31.98,170.1,0
300.24,310.47,1561.9,48.13,93.9,0
299.0,307.78,1502.1,36.67,133.7,0
298.66,309.0,1504.6,33.39,72.6,0
302.96,312.27,1384.8,30.93,181.9,0
299.98,309.97,1601.3,41.08,136.0,0
300.66,310.51,1550.8,24.52,193.6,0
297.5,307.96,1664.4,25.35,9.8,0
298.02,307.24,1704.5,40.43,231.6,0
302.11,311.26,1335.8,53.99,47.1,0
299.44,309.07,1369.9,35.64,47.7,0
303.25,314.33,1477.4,33.63,10.5,0
296.84,307.49,1970.5,56.39,134.5,1
303.05,312.74,1613.6,34.52,97.4,0
300.57,311.45,1439.9,42.94,37.1,0
298.53,308.76,1324.3,41.83,124.0,0
294.89,304.61,1494.0,31.78,84.1,0
302.37,313.16,1769.6,30.03,105.3,0
297.72,308.94,1559.7,57.45,88.0,1
302.17,311.82,1737.1,54.95,5.9,1
296.63,305.1,1407.2,34.18,42.8,0
302.32,312.07,1576.9,32.97,29.8,0
298.28,309.25,1572.7,30.49,214.4,1
300.83,310.83,1207.9,41.39,119.4,0
302.38,310.4,1378.3,56.39,67.2,1
300.23,313.34,1282.3,49.78,175.4,0
300.19,310.52,1362.2,47.45,125.6,0
298.87,309.98,1825.8,54.98,97.5,1
298.59,309.41,1577.9,44.14,100.9,0
300.3,310.69,1516.5,50.61,80.5,0
299.48,307.53,1551.5,40.53,65.4,0
297.15,305.84,1663.4,37.25,96.0,0
301.53,310.42,1459.3,47.4,80.6,0
300.65,311.2,1551.3,36.16,1.4,0
300.46,310.7,1418.5,31.29,165.9,0
300.56,311.1,1805.6,44.75,14.8,0
298.91,308.82,1395.0,40.02,124.9,0
298.75,307.38,1654.7,49.68,148.9,0
298.0,307.43,1474.0,50.32,144.2,0
296.48,306.15,1460.7,35.33,144.6,0
301.19,311.09,1415.4,50.85,173.6,0
300.03,310.5,1557.8,44.76,48.9,0
301.03,311.71,1369.1,35.69,75.8,0
299.66,310.61,1641.3,33.11,30.4,0
297.71,307.36,1526.9,39.55,107.4,0
301.84,313.35,1571.7,36.42,132.7,0
296.02,305.57,1489.1,53.37,22.4,0
298.47,309.91,1641.4,50.98,121.1,0
299.95,309.54,1508.3,34.43,204.5,0
301.08,310.17,1581.6,43.87,215.9,1
300.57,309.73,1568.5,50.95,157.2,0
297.1,306.62,1530.4,35.68,2.4,0
301.16,311.57,1509.8,51.04,200.5,1
297.04,307.32,1447.4,42.54,2.7,0
302.44,312.94,1418.6,49.85,210.3,0
304.18,315.86,1365.7,53.06,223.3,1
296.33,306.0,1343.3,50.75,24.6,0
301.51,312.6,1437.4,30.9,126.2,0
301.12,310.63,1978.8,46.84,183.8,1
298.04,309.73,1530.0,31.16,152.4,0
304.15,312.86,1539.4,48.73,90.1,0
301.09,312.37,1661.3,31.56,213.5,0
302.66,312.05,1373.2,42.32,214.4,1
297.91,306.13,1509.6,22.06,198.0,1
299.56,309.51,1444.5,35.3,186.7,0
302.21,311.73,1317.1,35.64,66.9,0
303.8,312.41,1585.2,31.66,22.3,0
299.0,310.47,1624.9,44.81,130.1,0
299.07,311.56,1738.8,35.0,83.2,0
301.14,312.28,1529.8,66.67,179.2,1
300.14,308.59,1408.3,23.94,2.5,0
297.36,306.53,1522.8,36.28,24.2,0
300.92,309.84,1521.8,40.85,202.3,1
297.74,306.48,1849.2,13.25,233.8,1
300.3,311.7,1414.5,42.42,172.2,0
297.44,307.58,1763.1,35.87,143.9,0
298.66,308.38,1949.5,44.64,92.0,1
297.35,306.98,1453.3,46.6,179.0,0
300.37,310.61,1560.2,30.45,13.6,0
295.75,306.1,1431.3,34.85,214.0,0
300.24,311.05,1624.5,35.62,72.6,0
297.24,308.88,1797.7,34.96,111.2,0
300.62,310.14,1467.3,35.42,115.8,0
300.6,309.61,1511.1,41.63,198.5,0
300.49,308.86,1607.5,47.03,158.4,0
299.77,309.98,1710.8,48.8,137.9,0
300.99,310.7,1592.7,50.5,50.7,0
300.28,311.64,1663.3,32.96,74.8,0
300.76,309.6,1515.3,31.49,87.4,0
299.17,309.56,1380.5,42.45,56.6,0
300.32,311.93,1653.4,55.93,96.0,1
300.48,308.87,1551.1,52.89,158.5,0
298.32,307.85,1772.0,40.75,175.8,0
300.51,310.18,1411.5,48.12,110.2,0
299.65,310.09,1683.3,43.1,215.5,0
301.68,310.31,1376.6,59.12,7.4,0
299.52,309.83,1204.3,37.0,15.4,0
296.25,306.84,1277.9,41.14,169.0,0
302.42,312.37,1433.7,61.25,152.8,1
298.98,306.73,1563.3,53.28,51.4,0
301.34,311.6,1416.2,31.02,78.8,0
298.7,307.56,1502.5,55.03,162.6,0
299.51,309.28,1695.8,38.38,222.5,1
301.99,312.43,1401.8,32.28,110.4,0
297.2,306.87,1284.6,44.39,116.4,0
298.64,307.84,1563.9,40.78,20.5,0
298.8,309.6,1676.0,23.66,127.1,0
299.71,310.28,1434.7,40.84,106.7,0
302.08,312.92,1536.7,21.6,89.2,1
297.97,309.89,1801.0,39.72,120.9,0
299.84,308.85,1100.0,35.57,175.1,0
299.07,308.31,1313.1,44.47,58.9,0
300.41,309.87,1461.9,31.74,130.6,0
300.1,309.15,1919.1,22.56,89.0,0
299.79,310.55,1167.8,53.6,234.7,1
298.16,307.82,1400.3,46.01,104.9,0
299.81,310.49,1334.5,50.69,242.1,1
297.54,308.21,1383.3,46.08,113.6,0
303.28,312.25,1398.9,36.15,10.4,0
303.08,314.31,1425.2,24.91,81.1,0
298.22,309.21,1291.2,31.16,239.2,0
298.93,309.42,1184.7,27.14,19.9,1
299.97,310.82,1481.9,37.32,75.8,0
301.85,312.47,1558.2,28.7,159.5,0
299.96,309.59,1574.3,61.46,129.5,1
297.22,306.76,1523.3,45.48,134.4,0
299.21,308.79,1375.2,40.55,170.4,0
303.83,311.96,1551.0,43.54,208.8,0
299.9,308.62,1298.8,40.09,134.6,0
297.86,308.92,1449.5,31.54,174.0,0
298.15,309.91,1714.6,48.94,209.6,0
299.86,307.42,1568.3,31.64,193.2,0
300.37,311.04,1477.9,65.61,229.6,1
300.73,310.7,1305.9,42.64,82.0,0
298.9,308.27,1623.3,41.22,201.2,0
301.42,312.17,1621.0,49.08,27.8,0
299.76,309.04,1390.4,41.42,89.1,0
300.11,310.31,1573.7,46.35,58.2,0
303.32,314.2,1733.8,47.95,123.1,0
299.45,308.67,1796.6,57.98,20.8,1
297.62,306.57,1823.6,51.07,188.5,1
299.82,309.66,1469.9,46.68,29.4,0
299.87,308.96,1458.8,37.27,190.3,0
300.73,311.03,1397.5,32.34,18.4,0
300.74,311.76,1603.7,43.91,195.7,0
299.57,311.16,1579.0,63.69,244.6,1
301.12,310.93,1363.6,29.03,138.6,0
299.63,309.64,1100.0,51.97,237.5,1
300.71,309.88,1731.1,28.09,222.4,1
297.24,306.29,1555.7,28.38,221.7,0
298.39,308.19,1589.4,43.99,17.3,0
301.77,309.72,1709.4,34.45,242.6,0
301.09,311.63,1506.5,39.32,116.6,0
299.85,310.45,1575.1,32.73,4.9,0
299.11,308.27,1590.4,51.02,63.0,0
302.39,311.68,1507.6,50.38,133.2,0
298.61,309.14,1293.7,46.79,89.0,0
302.6,311.79,1754.2,36.84,27.1,0
298.6,309.08,1672.9,38.32,162.0,0
300.04,309.03,1434.1,21.66,118.7,1
301.25,311.94,1809.9,53.92,195.6,1
301.95,312.14,1500.1,45.98,57.4,0
299.72,310.79,1550.5,37.02,104.3,0
302.06,312.0,1535.3,41.38,172.1,0
301.13,311.29,1513.9,38.86,34.9,0
298.04,305.83,1593.0,41.44,132.0,0
298.38,308.64,1413.8,40.72,173.0,0
298.57,309.04,1652.9,32.8,241.6,0
298.98,308.12,1739.8,19.5,154.5,0
301.23,310.47,1674.0,31.5,158.9,0
299.03,311.13,1589.9,37.34,24.6,0
299.08,309.08,1650.1,40.02,208.0,0
298.15,308.58,1697.6,54.16,42.1,1
299.61,308.74,1654.6,64.05,142.2,1
302.25,313.77,1638.3,36.56,83.0,0
301.3,311.94,1551.3,53.0,93.5,0
299.87,310.65,1378.8,46.04,233.1,0
303.39,312.89,1511.7,37.96,147.8,0
297.88,307.19,1777.5,43.36,34.2,0
302.15,311.43,1804.2,42.57,185.0,0
302.32,312.49,1303.5,45.99,0.0,0
299.89,311.32,1861.6,64.52,133.6,1
298.7,308.28,1656.8,33.14,3.4,0
301.26,311.09,1641.3,17.82,49.6,1
304.02,315.25,1454.5,26.78,87.5,0
298.64,308.66,1551.8,32.27,77.6,0
298.7,308.53,1693.5,46.99,69.2,0
298.09,309.81,1583.7,19.72,71.2,1
297.89,307.43,1630.7,67.1,196.8,1
302.29,309.72,1465.2,45.52,214.0,0
302.0,313.19,1595.6,32.99,185.4,0
297.58,306.49,1614.1,26.24,52.0,0
297.84,307.24,1605.2,43.94,89.7,0
302.77,312.38,1457.4,58.98,233.8,1
299.89,310.01,1555.9,48.6,148.5,0
300.54,311.02,1348.1,55.51,229.5,1
298.78,307.81,1567.5,42.18,38.7,0
303.6,313.85,1651.8,47.69,75.9,0
301.91,311.08,1458.4,49.7,153.3,0
301.3,310.85,1240.5,26.95,201.2,1
300.4,311.72,1655.4,40.32,149.3,0
300.81,311.73,1528.8,50.07,218.8,1
303.69,314.02,1817.7,22.06,176.0,0
299.3,309.44,1559.7,52.43,98.4,0
297.95,307.99,1540.3,43.23,21.1,0
299.58,309.27,1443.4,36.38,67.4,0
303.22,312.37,1573.0,41.55,12.1,0
301.97,312.31,1543.4,43.32,133.2,0
295.73,305.64,1518.3,39.59,43.4,0
299.23,309.69,1596.2,40.57,137.0,0
300.23,309.82,1136.9,32.07,138.6,0
297.51,305.31,1616.3,41.88,212.6,0
300.83,310.2,1363.3,39.4,110.6,0
304.91,314.07,1453.3,44.76,10.5,0
301.27,311.21,1537.0,37.3,124.7,0
298.49,307.34,1364.2,45.18,69.7,0
299.95,309.42,1756.1,57.28,216.4,1
304.33,315.58,1406.2,31.09,40.9,0
299.4,309.55,1585.9,36.44,92.1,0
300.64,311.78,1582.6,51.21,192.5,0
301.6,309.91,1624.0,52.09,150.3,0
300.36,311.23,1582.7,52.02,175.6,0
296.27,305.62,1673.2,39.68,217.5,1
299.86,308.31,1711.5,35.45,153.6,0
300.15,309.78,1649.3,36.74,220.7,1
302.3,312.2,1484.4,32.89,148.6,0
303.1,311.99,1428.1,59.33,144.9,0
297.79,308.31,1540.5,32.76,232.0,0
299.09,307.72,1672.7,17.58,24.5,1
301.51,309.64,1503.4,27.11,40.5,0
298.71,310.59,1485.2,37.66,189.0,0
299.95,309.39,1651.5,37.3,204.6,0
302.06,312.05,1363.3,43.02,133.6,0
298.85,309.88,1631.6,47.55,7.5,0
303.1,313.65,1579.9,27.16,25.7,0
301.24,311.72,1100.0,38.36,67.4,0
301.07,311.64,1474.4,45.74,29.8,0
299.22,309.41,1435.8,43.21,18.8,0
303.75,315.64,1812.5,67.22,105.8,1
303.75,312.83,1308.8,25.78,17.4,0
299.46,308.16,1662.0,37.86,22.0,0
301.01,308.88,1342.9,75.29,0.6,1
301.59,311.58,1484.4,25.84,59.4,0
303.34,312.93,1585.0,36.77,86.1,0
298.37,308.29,1512.3,41.32,68.9,0
303.2,313.91,1711.0,38.79,208.5,0
298.87,309.37,1477.4,33.97,175.3,0
298.9,310.63,1343.3,41.43,31.4,0
301.97,314.19,1754.1,34.22,112.2,0
299.22,308.07,1435.4,43.34,47.5,0
303.5,311.94,1714.9,31.03,171.6,0
302.13,310.2,1493.3,34.56,209.0,0
299.93,309.9,1348.7,61.36,116.1,0
300.94,311.73,1814.2,41.93,99.9,0
300.04,310.46,1698.9,47.16,112.5,0
298.5,308.17,1521.0,51.94,45.5,0
303.88,313.56,1621.8,54.56,24.5,1
298.94,308.83,1322.0,47.76,101.5,0
300.13,311.23,1569.7,44.75,164.7,0
302.63,312.27,1529.2,53.72,43.4,0
299.95,309.78,1413.6,27.35,62.0,0
301.62,310.83,1734.5,41.48,19.6,0
296.81,306.09,1616.0,43.3,25.6,0
304.6,314.55,1402.7,31.32,118.9,0
306.16,314.82,1314.9,37.56,33.0,0
301.04,308.51,1794.7,29.99,125.8,0
299.49,307.0,1340.2,26.36,206.6,1
301.1,310.55,1278.3,51.67,2.7,0
296.32,306.73,1621.0,22.89,91.8,0
298.84,307.17,1658.1,31.46,148.2,0
300.15,309.34,1381.0,29.74,166.9,0
298.75,308.79,1538.3,24.32,94.9,0
297.91,308.4,1348.0,33.7,204.0,0
300.56,309.96,1779.5,54.49,25.4,1
301.35,309.83,1550.1,34.35,145.1,0
298.45,309.02,1576.4,40.86,193.3,0
301.3,312.46,1206.1,40.12,22.2,0
302.3,313.63,1701.7,46.67,211.8,0
304.89,315.49,1546.9,47.67,37.7,0
298.57,310.28,1640.0,42.17,18.1,0
298.88,308.13,1382.0,40.34,159.6,0
298.21,307.66,1470.9,26.95,244.9,1
300.66,310.93,1691.9,66.42,49.4,1
298.47,309.4,1726.8,51.2,144.3,1
299.65,309.01,2030.3,44.09,125.6,1
297.88,308.39,1100.0,31.09,59.4,0
299.57,309.73,1571.3,59.03,80.6,1
298.84,309.01,1223.2,61.11,92.5,0
299.48,309.33,1511.1,38.04,10.3,0
298.35,308.85,1272.2,46.91,72.2,0
298.55,308.29,1534.1,48.72,26.1,0
303.1,312.53,1475.9,28.53,117.7,0
299.42,308.92,1666.3,34.13,112.1,0
305.12,316.02,1645.5,42.97,193.5,0
304.15,314.24,1813.0,53.46,108.6,1
303.13,313.33,1514.8,44.53,139.7,0
298.34,307.02,1526.9,54.25,166.5,0
298.93,309.94,1601.1,52.99,138.1,0
298.85,308.72,1509.5,41.45,93.7,0
300.72,312.15,1347.7,48.67,7.0,0
296.4,304.9,1500.4,36.62,183.6,0
302.11,311.96,1472.9,43.66,88.4,0
303.42,312.07,1553.8,46.15,209.8,0
299.11,309.21,1754.2,57.51,40.9,1
300.74,310.69,1475.3,49.47,140.7,0
303.93,314.01,1728.2,36.19,47.5,0
299.74,309.14,1346.9,46.93,87.6,0
298.18,307.93,1388.3,36.94,139.4,0
301.48,311.47,1620.7,47.13,238.8,1
297.33,308.04,1531.4,40.33,34.4,0
297.75,307.74,1456.0,61.97,159.6,1
301.74,311.28,1505.1,49.65,80.7,0
301.64,311.33,1556.1,32.29,192.1,0
300.14,310.16,1538.4,34.53,105.9,0
300.46,311.56,1542.4,40.76,207.9,1
304.27,313.8,1413.3,34.06,191.3,0
299.98,309.68,1647.0,53.18,140.2,1
299.33,307.98,1458.3,43.01,44.8,0
298.6,309.22,1519.8,38.37,210.8,1
294.26,304.1,1690.4,36.89,53.5,0
299.7,309.73,1643.4,53.68,63.7,1
298.22,306.42,1647.5,41.51,207.4,0
300.49,310.91,1568.7,38.86,170.2,0
301.57,311.82,1614.8,48.72,201.1,0
299.96,307.94,1701.7,35.96,81.3,0
296.07,307.13,1642.9,45.4,64.5,0
301.19,311.97,1520.8,39.92,128.7,0
297.89,308.47,1545.4,38.51,86.0,0
297.57,308.24,1703.8,25.87,90.4,0
296.97,306.18,1745.2,41.29,34.3,0
298.42,309.12,1465.4,16.22,11.7,1
301.92,312.42,1559.7,52.74,108.4,0
302.4,311.51,1664.7,39.78,23.6,0
298.57,306.7,1582.3,48.29,147.4,0
300.78,308.65,1393.2,37.69,97.7,0
296.68,306.86,1510.8,46.87,213.9,0
298.49,307.94,1532.6,47.03,235.8,1
299.02,307.19,1509.3,25.15,168.6,0
298.51,307.75,1533.8,28.71,121.4,0
301.52,310.35,1873.7,66.07,240.0,1
300.17,308.59,1760.9,39.84,177.7,0
300.53,310.57,1169.3,44.28,81.8,0
300.89,311.5,1460.7,33.05,128.4,0
299.28,307.76,1657.0,42.36,220.9,0
303.06,313.98,1451.8,69.43,14.4,1
301.54,312.54,1829.3,29.92,47.9,0
301.65,313.74,1616.6,37.37,130.4,0
302.11,312.1,1988.3,55.33,214.3,1
297.64,308.25,1447.7,49.94,200.4,0
299.37,310.09,1649.8,37.74,24.2,0
298.46,308.19,1637.2,41.09,163.7,0
302.39,312.48,1609.6,19.68,8.2,1
298.78,309.16,1399.1,34.94,200.7,0
300.94,310.71,1689.8,37.07,171.2,0
297.34,307.32,1534.4,48.2,153.5,0
304.12,314.94,1517.4,34.84,150.4,0
301.44,311.14,1851.6,37.75,135.2,0
301.52,311.6,1724.0,51.79,192.8,1
301.23,310.72,1744.1,28.43,119.0,0
297.08,306.53,1632.6,40.6,213.4,1
302.27,313.56,1443.2,51.33,45.6,0
300.7,311.48,1738.5,51.71,194.7,1
302.33,311.65,1320.6,39.08,58.1,0
295.92,304.93,1674.4,54.75,153.5,1
301.14,309.89,1497.0,49.84,141.7,0
300.22,309.48,1721.4,50.9,44.7,1
297.3,308.87,1497.0,32.34,22.5,0
300.07,310.51,1442.0,38.82,10.9,0
302.39,312.3,1780.5,49.48,221.4,1
300.56,310.03,1456.9,55.55,225.9,1
298.27,307.8,1378.9,40.7,42.9,0
299.42,309.45,1643.5,42.35,130.7,0
300.29,309.55,1393.8,47.83,39.2,0
300.91,312.9,1415.7,37.73,199.0,0
300.37,308.98,1666.5,21.64,208.6,1
299.58,309.18,1338.0,35.51,125.2,0
300.08,310.27,1372.9,43.1,15.1,0
296.69,307.76,1100.0,36.06,1.4,0
298.1,308.03,1452.4,20.58,150.0,1
303.21,311.94,1727.4,39.42,224.8,0
301.79,312.6,1501.1,20.77,176.9,1
301.6,312.39,1446.1,41.18,202.3,0
300.44,310.8,1750.0,53.39,32.7,1
299.87,310.85,1515.1,29.25,130.4,0
302.38,311.52,1299.0,49.02,71.2,0
303.71,311.49,1297.5,46.7,73.2,1
297.81,307.1,1518.1,45.9,232.1,0
298.89,309.76,1713.4,32.18,65.6,0
298.81,308.23,1622.9,53.52,151.0,1
301.63,312.98,1439.2,25.77,108.7,0
303.28,313.6,1542.7,53.14,15.9,0
302.49,311.8,1642.4,42.41,157.9,0
297.39,306.89,1228.1,47.84,129.8,0
302.36,312.28,1672.3,30.97,146.2,0
299.55,309.51,1359.6,35.06,75.9,0
298.09,307.3,1573.3,32.69,40.3,0
300.52,309.45,1443.6,40.87,81.5,0
300.52,309.74,1494.6,43.25,152.3,0
299.5,310.08,1528.9,32.27,158.6,0
299.67,311.32,1612.9,56.53,25.1,1
298.12,308.6,1437.8,55.82,106.5,0
297.99,308.26,1652.5,37.65,40.8,0
302.16,311.57,1510.7,44.61,194.9,0
301.22,310.35,1952.1,42.36,102.1,0
298.97,311.66,1528.8,30.93,162.1,0
302.71,311.52,1747.9,44.22,129.0,0
301.2,312.03,1258.5,35.26,210.1,0
299.88,310.29,1492.1,47.73,68.3,0
300.49,308.85,1695.2,35.7,32.2,0
296.77,305.94,1431.1,18.47,18.6,1
301.4,312.02,1653.5,41.58,76.5,0
299.38,310.81,1506.3,29.2,236.8,0
297.33,306.68,1584.7,40.09,145.8,0
301.72,312.4,1498.1,26.46,57.7,0
302.17,312.75,1343.6,25.69,31.9,0
301.51,311.84,1392.0,32.96,229.0,1
301.19,310.79,1694.1,55.97,27.2,1
298.89,307.64,1730.4,42.78,114.4,0
301.44,311.26,1448.2,26.61,86.8,0
299.18,309.71,1489.9,25.97,198.3,0
301.18,310.93,1567.7,46.99,205.5,0
298.27,309.52,1580.5,44.91,207.7,1
299.36,309.2,2033.7,26.6,194.1,0
300.06,309.49,1373.6,44.22,226.5,0
300.92,309.62,1433.9,28.68,103.0,0
301.26,311.69,1638.2,37.53,244.7,1
300.62,311.68,1212.2,67.8,60.4,0
303.77,312.87,1490.9,63.38,39.2,1
302.96,311.51,1806.6,52.21,236.4,1
299.33,309.44,1291.1,44.98,47.6,0
301.65,312.71,1408.5,25.73,45.2,0
297.86,308.32,1575.1,21.72,166.1,0
299.94,310.37,1724.5,48.06,138.7,0
302.35,314.02,1513.7,43.89,206.9,0
300.5,309.77,1670.3,33.13,160.4,0
301.03,312.02,1468.6,38.28,223.1,1
302.56,313.33,1690.4,44.92,12.8,0
300.69,311.27,1548.9,25.93,68.5,0
294.21,305.06,1618.3,38.73,214.2,1
298.72,308.12,1448.1,65.3,213.2,1
297.03,308.66,1806.0,29.82,98.7,0
305.44,315.45,1483.1,48.77,46.7,0
300.4,311.08,1442.2,49.1,171.0,0
299.37,308.9,1545.3,31.06,106.7,0
298.05,306.7,1389.6,34.45,83.5,0
296.83,307.35,1559.9,34.45,202.4,0
299.79,309.21,1352.9,28.18,134.2,0
302.81,312.79,1691.2,32.38,163.9,0
297.97,307.71,1461.1,61.79,56.1,1
298.62,307.39,1560.0,51.68,112.2,0
300.73,310.98,1621.1,35.67,233.4,1
302.43,311.51,1472.4,54.36,101.9,0
300.71,311.32,1426.3,43.2,177.6,0
301.74,312.96,1591.1,54.93,189.1,1
301.67,310.9,1655.0,49.76,204.4,0
302.62,311.88,1741.4,68.24,51.6,1
298.12,307.89,1554.0,35.39,219.4,0
304.63,314.27,1155.3,51.99,215.6,1
299.53,310.35,1549.6,32.82,67.3,0
297.26,308.71,1362.6,36.07,209.4,0
301.09,309.89,1515.8,59.53,119.6,1
303.0,313.23,1449.5,41.35,222.0,0
301.3,315.22,1536.4,34.61,231.6,0
300.35,310.99,1755.1,31.39,192.9,0
300.37,309.61,1743.0,44.92,52.9,0
300.62,311.38,1540.2,17.25,105.1,1
300.61,311.08,1428.2,40.4,67.6,0
297.95,309.23,1339.7,16.21,91.1,1
300.04,310.52,1755.9,28.5,184.2,0
298.66,308.51,1250.3,31.45,1.1,0
301.74,311.38,1158.5,43.58,152.0,0
299.07,311.16,1512.3,34.71,9.0,0
298.69,309.26,1667.5,26.1,208.0,0
300.02,310.05,1365.2,29.18,70.7,0
299.03,309.4,1703.7,17.95,182.6,1
303.01,312.88,1502.6,25.98,204.7,1
297.19,307.04,1340.8,36.14,201.6,1
299.96,311.17,1602.7,19.23,150.0,1
301.27,310.35,1547.3,33.43,217.2,1
297.75,309.23,1647.7,58.71,215.3,1
303.16,313.16,1105.3,36.79,192.1,0
297.16,308.02,1282.8,64.98,160.1,0
300.84,310.13,1419.8,46.49,168.6,0
298.94,309.62,1740.8,24.93,210.6,1
302.08,311.12,1178.1,46.09,34.6,0
299.82,311.04,1433.1,41.95,179.9,0
298.85,308.25,1451.7,53.11,133.8,0
297.86,307.71,1763.9,45.2,104.5,0
299.99,311.26,1298.6,33.74,240.0,1
300.68,310.83,1383.4,26.8,13.1,0
300.52,312.58,1529.5,40.2,172.6,0
299.68,309.88,1599.8,36.07,106.3,0
303.28,313.47,1868.9,52.86,110.3,1
301.75,311.85,1549.1,60.91,97.8,1
300.11,309.67,1713.4,34.09,118.2,0
301.13,310.51,1604.1,26.3,231.6,0
301.5,311.72,1563.8,51.71,194.3,0
295.84,305.48,1690.8,54.62,229.8,1
301.95,312.84,1613.7,38.85,174.9,0
300.56,312.41,1571.8,27.14,84.9,0
300.69,312.35,1718.4,31.16,1.8,0
299.82,310.51,1646.8,49.02,135.7,0
303.19,313.08,1657.5,53.66,107.9,1
300.2,309.97,1593.7,12.97,109.3,1
298.41,308.52,1243.3,37.83,193.2,0
299.5,309.26,1730.4,43.24,121.3,0
296.66,306.84,1460.0,36.52,115.3,0
300.36,311.34,1573.0,43.14,147.7,0
297.1,306.21,1783.5,42.47,90.2,0
299.93,308.7,1481.0,29.81,244.5,0
298.78,309.1,1301.4,46.63,243.3,1
298.05,306.94,1540.1,41.43,223.3,0
300.85,310.69,1404.5,23.45,138.5,1
299.65,310.37,1670.5,47.98,164.5,0
302.71,311.7,1383.7,27.14,22.1,0
300.65,308.87,1632.6,20.18,73.0,1
298.99,309.71,1803.0,25.45,110.6,0
302.28,314.49,1430.6,31.6,96.8,0
298.66,308.71,1614.3,32.68,60.9,0
301.37,312.12,1537.1,39.13,234.6,0
298.67,309.04,1617.4,36.31,216.1,0
299.76,310.23,1295.0,44.69,149.1,0
298.65,308.29,1569.9,37.11,32.4,0
304.38,314.93,1362.7,32.22,10.3,0
298.45,309.69,1573.7,35.73,67.0,0
298.49,308.96,1424.1,44.38,75.8,0
304.29,313.08,1287.9,37.78,244.4,0
301.74,311.1,1799.6,49.13,56.1,1
305.2,314.64,1360.7,50.22,72.1,0
302.17,313.93,1416.6,29.5,4.3,0
300.4,310.67,1458.4,45.43,229.3,1
298.43,307.71,1510.8,39.05,6.1,0
300.05,309.89,1259.2,37.41,29.8,0
298.85,309.48,1334.8,48.2,126.0,0
302.88,312.62,1500.3,45.37,25.5,0
299.71,309.12,1572.8,44.08,168.2,0
296.87,307.1,1581.7,51.77,91.9,0
298.9,309.88,1299.0,46.58,130.4,0
299.31,309.58,1614.8,43.69,28.9,0
301.42,312.24,1431.1,44.39,106.7,0
299.8,309.3,1241.5,30.35,111.5,0
300.03,308.32,1543.2,16.99,125.7,1
302.82,313.31,1543.5,37.79,24.5,0
300.18,310.04,1475.9,26.63,132.8,0
301.52,311.72,1182.7,20.48,107.6,1
298.59,309.78,1277.7,34.16,79.1,0
299.63,309.88,1440.8,21.27,213.2,1
300.76,310.39,1493.6,47.6,32.0,0
298.38,307.31,1540.5,25.71,76.3,0
300.39,311.62,1347.8,56.81,16.1,0
300.14,308.81,1183.1,37.71,238.0,0
302.38,312.19,1692.9,23.73,233.5,0
297.82,308.7,1346.0,49.05,17.8,0
297.38,307.79,1496.4,55.39,24.7,0
300.76,310.58,1691.0,36.91,101.3,0
298.39,308.52,1705.8,39.85,227.2,1
299.27,310.14,1545.4,19.85,230.5,1
297.51,306.15,1149.8,49.58,170.0,0
304.24,312.79,1571.5,66.38,158.4,1
298.5,308.77,1635.4,33.2,124.9,0
301.95,310.4,1541.1,28.32,218.1,1
301.04,310.01,1587.2,48.98,9.1,0
299.93,310.02,1292.0,41.85,29.1,0
300.79,309.45,1334.1,47.77,164.3,0
298.71,308.32,1605.3,37.72,205.3,1
302.38,312.6,1561.8,22.74,117.7,0
299.87,310.42,1618.1,55.4,50.1,1
303.8,315.15,1585.8,39.52,199.4,0
298.59,310.6,1644.6,17.8,212.8,1
299.52,310.07,1443.7,32.38,206.9,1
299.56,308.43,1568.8,39.78,109.7,0
299.89,309.16,1408.0,33.7,99.7,0
301.28,311.77,1496.8,35.22,150.0,0
301.49,312.97,1489.4,15.07,124.1,1
299.46,309.44,1574.3,25.18,72.7,0
298.28,307.15,1431.5,60.64,31.3,1
300.65,309.3,1681.8,36.25,59.8,0
299.55,307.34,1461.4,39.39,48.9,0
299.45,310.52,1589.7,40.38,131.5,0
301.04,311.09,1543.6,32.2,240.0,1
299.78,310.64,1445.2,27.92,98.9,0
300.16,311.2,1680.3,67.11,129.6,1
300.81,312.45,1576.9,50.63,236.9,1
301.65,311.84,1621.7,43.82,73.7,0
299.63,309.91,2007.7,39.88,59.8,0
300.78,312.2,1789.8,12.0,47.2,1
298.9,310.08,1558.9,33.82,63.0,0
301.52,310.57,1587.6,35.16,26.5,0
300.43,310.43,1492.4,40.74,95.1,0
301.03,310.72,1400.9,39.37,127.6,0
300.18,310.54,1558.1,35.4,207.7,1
299.03,308.04,1714.5,45.77,243.4,1
297.16,308.69,1559.5,52.29,186.3,0
303.6,313.03,1717.1,39.23,130.4,0
299.18,310.17,1476.2,47.25,239.9,1
299.1,310.36,1758.6,43.21,227.4,1
301.86,311.04,1571.0,55.0,227.7,1
301.02,310.8,1756.1,50.47,165.1,1
295.06,307.48,1597.2,40.82,107.7,0
299.06,309.29,1534.7,56.06,6.1,1
300.56,311.17,1334.2,37.53,124.7,0
301.67,310.96,1371.6,42.8,116.6,0
300.41,309.64,1626.5,36.67,221.2,1
304.88,313.13,1693.8,38.84,12.5,0
302.59,313.79,1460.0,48.93,243.7,1
301.16,309.47,1556.3,46.64,216.7,0
298.03,307.96,1721.9,29.02,100.2,0
300.13,311.55,1837.0,25.74,200.5,0
301.59,311.29,1537.6,29.14,209.8,0
298.8,308.98,1709.5,31.86,150.1,0
300.86,309.74,1259.1,34.47,213.3,1
304.42,314.38,1691.3,46.62,225.8,0
300.6,312.07,1613.0,30.19,178.7,0
300.27,309.41,1435.4,32.25,172.5,0
298.89,308.47,1827.2,29.61,228.6,0
301.26,312.11,1473.7,41.11,128.4,0
299.29,308.47,1718.5,44.83,44.8,0
301.5,310.65,1394.3,43.39,138.4,0
298.3,309.32,1418.3,28.48,197.4,0
297.51,308.7,1555.1,63.67,96.2,1
300.33,310.55,1724.6,64.41,73.5,1
298.36,309.05,1688.6,30.74,61.6,0
296.68,305.95,1442.0,29.82,227.4,0
300.81,309.69,1385.8,45.33,225.9,1
300.61,312.02,1558.2,28.66,122.7,0
303.04,312.89,1753.2,12.0,54.3,1
300.4,311.43,1456.1,44.05,75.9,0
301.03,311.96,1521.2,44.45,22.9,0
298.13,307.51,1466.3,56.37,193.4,0
298.35,308.75,1646.8,25.01,8.6,0
298.38,307.83,1747.8,39.05,4.5,0
298.06,309.89,1815.0,19.75,6.8,0
297.96,307.35,1538.5,54.47,100.0,0
301.35,310.17,1505.4,26.52,160.8,0
299.4,310.61,1216.8,31.05,77.2,0
300.44,310.36,1419.8,30.9,14.2,0
297.36,305.86,1589.9,24.1,233.5,1
300.01,310.6,1652.5,50.6,83.0,0
303.62,313.43,1665.5,33.71,56.4,0
299.36,309.41,1618.5,35.55,12.3,0
303.01,311.78,1804.5,37.85,91.2,0
300.39,309.86,1518.3,44.99,187.8,0
299.55,307.71,1527.8,48.55,64.0,0
298.89,309.39,1289.8,33.02,22.3,0
297.86,307.68,1402.6,22.71,234.1,1
301.32,311.85,1561.5,34.73,165.6,0
296.57,305.65,1393.9,41.17,81.0,0
297.79,307.17,1441.2,48.63,1.9,0
301.28,311.75,1564.9,45.79,222.7,1
296.62,306.91,1290.8,24.32,115.8,1
299.67,311.94,1648.1,35.49,191.5,0
301.72,310.6,1600.9,58.89,238.6,1
302.34,314.21,1677.7,43.97,234.0,0
299.63,309.51,1659.0,44.42,42.0,0
299.27,311.24,1312.2,40.44,96.3,0
298.94,308.49,1720.3,42.64,47.5,0
301.94,312.24,1765.3,40.94,81.0,0
301.74,310.82,1394.6,38.07,40.6,0
301.27,312.64,1502.0,37.96,185.8,0
299.22,310.25,1735.6,40.72,195.9,0
297.98,309.13,1259.2,33.39,173.6,0
297.66,307.14,1636.2,30.85,230.4,0
302.32,312.34,1795.2,37.94,55.9,0
296.83,307.38,1600.3,55.6,184.7,1
296.47,306.63,1600.9,31.39,33.4,0
302.56,311.64,1138.3,43.31,142.9,0
297.12,306.41,1504.2,13.48,83.9,1
300.43,310.15,1944.3,41.63,175.9,0
300.95,310.95,1381.4,30.28,211.1,1
301.7,311.45,1774.5,38.44,108.1,0
298.41,308.84,1631.5,36.31,73.0,0
302.61,313.28,1472.5,51.01,199.5,0
301.17,310.64,1414.5,25.24,36.6,0
300.4,311.45,1284.8,31.6,219.5,1
298.16,307.24,1348.2,32.49,231.9,0
303.35,312.46,1472.0,39.17,187.1,0
300.62,312.57,1699.1,45.68,232.6,1
302.38,313.33,1614.7,33.47,69.0,0
297.61,307.15,1485.7,35.79,8.2,0
300.28,311.78,1744.7,52.61,82.5,1
302.2,311.02,1727.0,43.14,211.5,0
302.06,313.9,1587.2,25.76,214.4,0
301.7,312.39,1525.5,43.6,190.3,0
300.75,311.81,1300.7,49.67,150.0,0
300.62,311.0,1326.7,20.28,142.3,1
298.85,308.39,1420.4,23.75,79.6,0
298.55,308.25,1492.4,30.78,170.2,0
301.44,312.12,1501.0,36.85,121.0,0
302.18,312.81,1543.7,47.03,146.0,0
299.16,310.11,1685.8,38.27,161.1,0
299.65,309.58,1339.2,42.09,10.3,0
299.26,308.72,1369.2,41.24,204.1,1
296.55,307.38,1525.3,44.79,194.9,0
294.7,305.25,1401.0,43.86,190.2,0
297.58,306.66,1397.4,52.55,44.5,0
297.19,306.32,1284.9,52.73,229.6,1
303.06,313.52,1451.7,44.57,171.1,0
299.83,310.27,1729.3,28.23,218.0,0
296.97,307.45,1405.8,58.46,33.8,0
298.88,308.77,1466.2,40.21,12.0,0
296.05,306.52,1536.5,47.08,7.9,0
303.79,312.54,1498.6,38.46,57.7,0
299.31,308.44,1754.2,28.67,116.5,0
303.33,314.89,1319.6,69.35,24.6,1
295.27,306.53,1718.0,54.47,110.1,1
298.62,307.22,1500.0,47.32,101.8,0
301.3,310.5,1540.9,30.58,226.5,0
299.73,309.83,1629.3,30.44,16.4,0
294.94,305.9,1645.6,30.94,81.2,0
303.55,314.04,1462.8,36.92,38.1,0
299.93,310.53,1447.5,48.64,16.4,0
298.65,307.99,1611.6,36.37,4.5,0
299.5,310.09,1455.1,31.14,75.3,0
299.33,309.2,1134.4,28.75,87.6,1
299.33,309.75,1412.8,58.52,241.8,1
296.87,306.98,1820.6,12.0,210.2,1
299.77,310.35,1680.7,30.61,173.5,0
301.76,309.84,1538.2,53.21,128.5,0
298.65,309.0,1387.7,34.22,193.4,0
298.31,307.67,1676.4,31.47,27.0,0
301.25,312.59,1673.5,53.37,100.3,1
296.89,305.03,1605.8,25.29,99.7,0
299.66,309.16,1460.6,33.33,66.0,0
302.61,312.67,1800.1,39.54,91.8,0
300.19,308.81,1198.2,36.05,26.3,0
300.15,311.09,1342.7,26.88,183.5,0
301.52,311.78,1627.3,23.59,17.7,0
298.52,306.74,1587.3,48.16,224.2,0
296.27,304.52,1579.4,35.35,42.9,0
300.4,310.57,1577.4,38.89,187.1,0
300.66,310.25,1553.7,53.1,64.8,0
299.81,309.18,1599.5,56.67,160.8,1
298.08,309.71,1439.7,44.51,194.8,0
299.14,309.7,1703.9,60.6,163.6,1
295.6,306.56,1717.6,39.9,11.2,0
301.14,310.83,1870.0,48.07,108.9,1
298.16,309.33,1604.8,53.59,103.2,1
296.86,306.53,1596.8,30.69,11.4,0
300.43,309.19,1724.1,45.99,223.3,1
301.12,310.1,1568.2,20.53,97.9,1
299.61,309.75,1423.8,48.65,107.8,0
300.99,310.32,1399.8,28.86,7.8,0
300.09,309.8,1436.0,48.2,189.1,0
299.59,309.03,1528.8,31.82,17.4,0
300.12,310.97,1882.8,58.17,83.5,1
297.66,307.61,1340.8,32.64,130.9,0
300.82,310.68,1483.1,32.38,240.6,0
299.86,309.4,1203.6,29.01,141.4,0
301.79,313.31,1601.9,35.93,146.4,0
303.59,314.27,1321.9,42.57,77.1,0
301.15,310.92,1464.2,50.37,227.6,1
301.05,312.25,1528.7,60.49,61.8,1
299.22,309.73,1482.5,40.18,77.0,0
303.0,313.13,1722.0,46.99,231.5,0
300.3,309.54,1473.3,52.68,187.2,0
298.2,306.36,1620.4,20.58,183.4,1
300.98,311.71,1426.1,39.49,31.5,0
298.44,306.48,1384.0,47.77,141.4,0
300.21,308.89,1471.7,38.32,113.9,0
300.39,310.07,1409.4,18.93,19.8,1
296.95,307.03,1419.6,21.61,221.7,1
300.96,312.34,1444.4,59.53,7.0,1
298.43,308.54,1529.1,50.9,152.8,0
303.65,312.92,1448.9,43.97,209.4,1
295.92,306.52,1647.3,49.62,70.6,0
297.79,308.82,1637.7,43.38,32.0,0
300.53,309.38,1649.4,32.84,218.0,0
301.03,312.48,1476.0,39.6,64.1,0
301.38,310.75,1442.5,53.9,195.1,0
296.86,308.18,1509.8,40.86,97.0,0
300.64,310.02,1443.4,49.91,178.8,0
299.36,310.9,1592.1,34.29,203.4,0
301.39,312.29,1501.3,42.01,84.4,0
299.49,310.18,1528.4,34.0,238.4,0
298.19,308.37,1376.9,37.85,106.9,0
298.69,309.94,1760.6,48.1,30.4,0
301.15,310.99,1402.3,43.99,241.6,1
302.84,314.06,1727.1,40.22,213.3,1
300.36,311.46,1507.9,55.94,170.0,0
301.95,309.77,1476.6,54.19,59.7,0
297.55,307.21,1887.6,24.29,147.1,0
297.17,307.55,1298.0,34.12,133.8,0
303.75,313.57,1497.4,22.98,142.0,0
301.03,311.38,1100.0,41.29,227.2,0
298.94,309.85,1378.3,34.16,146.8,0
301.64,311.78,1406.5,50.11,66.9,0
299.13,308.33,1314.1,28.06,185.5,0
298.83,308.74,1482.8,30.76,70.2,0
301.51,311.04,1587.0,39.76,66.8,0
300.1,308.75,1643.2,27.77,243.2,0
300.72,311.69,1629.5,45.76,239.1,0
301.4,311.13,1432.6,53.53,186.5,0
302.73,311.35,1625.1,16.19,85.3,1
303.23,311.5,1600.8,45.92,138.0,0
299.38,307.61,1282.7,38.73,166.6,1
301.57,311.84,1346.3,26.85,182.8,0
298.03,306.84,1495.6,42.34,223.9,1
298.56,308.44,1566.2,31.04,233.7,0
302.06,314.05,1584.6,46.15,223.0,0
299.74,309.34,1543.4,45.99,237.1,1
301.1,311.99,1391.1,37.17,205.0,1
297.74,307.44,1445.8,42.68,13.5,0
302.71,312.13,1436.7,37.27,50.3,0
300.58,309.57,1366.8,36.97,45.2,0
301.09,314.07,1709.9,39.25,11.8,0
298.45,308.02,1835.1,40.12,192.6,0
300.08,309.4,1670.4,41.57,233.1,0
300.25,311.12,1811.8,46.18,130.6,0
301.9,311.53,1437.5,42.1,155.6,0
298.34,309.58,1727.8,43.96,31.1,0
302.18,313.5,1621.2,36.72,93.2,0
298.56,309.68,1471.6,35.84,121.2,0
297.98,308.63,1341.3,38.07,131.8,0
301.97,312.18,1788.9,60.44,141.8,1
301.24,310.83,1616.9,44.12,18.2,0
300.68,310.83,1397.9,50.84,115.2,0
295.69,305.41,1683.7,39.84,116.4,0
300.35,309.66,1434.9,29.61,47.2,0
298.8,307.65,1383.3,38.16,20.1,0
300.66,311.27,1383.5,43.36,2.7,0
296.1,306.56,1570.5,33.84,205.9,0
297.04,307.5,1248.9,28.08,66.3,0
296.9,307.34,1499.1,43.02,94.1,0
298.32,307.36,1563.1,60.58,130.9,1
298.04,306.95,1214.5,35.97,229.8,1
302.78,313.31,1466.6,36.41,141.9,0
304.11,315.12,1493.7,29.47,157.9,0
299.11,309.51,1459.8,27.14,83.2,0
299.35,309.6,1573.1,54.72,240.6,1
299.9,310.45,1707.3,48.82,202.6,1
299.06,306.9,1433.4,40.32,12.1,0
297.53,305.69,1645.6,52.86,209.5,1
300.29,310.71,1768.7,38.22,32.2,0
302.47,313.12,1653.9,31.66,97.7,0
296.59,305.72,1613.7,33.2,68.8,0
301.55,311.75,1396.0,36.69,120.5,0
299.47,311.49,1828.1,55.91,172.9,1
299.63,311.95,1624.4,21.91,213.0,1
301.29,310.84,1580.9,31.4,99.5,0
298.31,307.41,1590.1,32.62,173.2,0
298.91,307.96,1462.6,12.92,230.9,1
299.42,308.47,1659.4,29.41,228.0,0
300.99,311.18,1298.4,43.46,16.2,0
298.87,308.48,1314.0,26.99,200.7,0
301.53,310.72,1437.2,24.14,127.2,0
298.97,308.69,1512.7,59.92,77.2,1
297.18,305.94,1523.9,49.64,204.3,1
300.64,310.55,1607.8,39.26,36.7,0
300.42,309.86,1474.0,35.46,91.0,0
297.29,307.48,1478.1,54.84,100.2,0
298.71,308.18,1576.9,60.02,24.6,1
